Galaxy1_Wavelength,Galaxy1_Flux,Galaxy1_Interpolated_Wavelength,Galaxy1_Interpolated_Flux,Galaxy2_Wavelength,Galaxy2_Flux,Galaxy2_Interpolated_Wavelength,Galaxy2_Interpolated_Flux,Galaxy3_Wavelength,Galaxy3_Flux,Galaxy3_Interpolated_Wavelength,Galaxy3_Interpolated_Flux,Galaxy4_Wavelength,Galaxy4_Flux,Galaxy4_Interpolated_Wavelength,Galaxy4_Interpolated_Flux,Galaxy5_Wavelength,Galaxy5_Flux,Galaxy5_Interpolated_Wavelength,Galaxy5_Interpolated_Flux,Galaxy6_Wavelength,Galaxy6_Flux,Galaxy6_Interpolated_Wavelength,Galaxy6_Interpolated_Flux,Galaxy7_Wavelength,Galaxy7_Flux,Galaxy7_Interpolated_Wavelength,Galaxy7_Interpolated_Flux,Galaxy8_Wavelength,Galaxy8_Flux,Galaxy8_Interpolated_Wavelength,Galaxy8_Interpolated_Flux,Galaxy9_Wavelength,Galaxy9_Flux,Galaxy9_Interpolated_Wavelength,Galaxy9_Interpolated_Flux,Galaxy10_Wavelength,Galaxy10_Flux,Galaxy10_Interpolated_Wavelength,Galaxy10_Interpolated_Flux
3.0595634,-0.5133175,-0.8429434455134581,-1.8449509936528266,3.0595634,-2.2804086,-0.8429434455134581,-3.164373790386612,3.0595634,-4.207783,-0.8429434455134581,-4.405566293828773,3.0595634,-1.9461881,-0.8429434455134581,-3.695372689205605,3.0595634,-2.8588896,-0.8429434455134581,-1.1004872951992999,3.0595634,1.4329635,-0.8429434455134581,0.945379264569948,3.0595634,-1.9174473,-0.8429434455134581,-3.0505388356307828,3.0595634,1.0533569,-0.8429434455134581,-1.8082649377614641,3.0595634,-2.5000653,-0.8429434455134581,-3.863508603285333,3.0595634,2.8282213,-0.8429434455134581,1.0347132106420087
2.99883,-0.30595326,-0.70564489688563,-1.7350648040554866,2.99883,-2.0726523,-0.70564489688563,-3.0618003068694866,2.99883,-3.9944928,-0.70564489688563,-4.334660966649781,2.99883,-1.7502133,-0.70564489688563,-3.6258603526392323,2.99883,-2.6672044,-0.70564489688563,-1.032171701425142,2.99883,1.6372551,-0.70564489688563,0.979196842304161,2.99883,-1.7124926,-0.70564489688563,-3.052303903935023,2.99883,1.2740204,-0.70564489688563,-1.7399635629191044,2.99883,-2.2942321,-0.70564489688563,-3.820658144850372,2.99883,3.0232482,-0.70564489688563,1.8343569968559656
2.9381192,-0.096645854,-0.5923769638158666,-1.5136051257220482,2.9381192,-1.8632913,-0.5923769638158666,-2.8588045503387627,2.9381192,-3.7800274,-0.5923769638158666,-4.269146637839175,2.9381192,-1.4757968,-0.5923769638158666,-3.5650177297017893,2.9381192,-2.4749563,-0.5923769638158666,-0.9739728072479584,2.9381192,1.8427289,-0.5923769638158666,1.0965009844642346,2.9381192,-1.5061997,-0.5923769638158666,-2.8967082741351913,2.9381192,1.4960369,-0.5923769638158666,-1.6818179860356306,2.9381192,-2.0872338,-0.5923769638158666,-3.707862072988536,2.9381192,3.2184975,-0.5923769638158666,2.216291730878123
2.877429,0.10915646,-0.5319976199797728,-1.3349100537385474,2.877429,-1.6573558,-0.5319976199797728,-2.6924617576960888,2.877429,-3.5679784,-0.5319976199797728,-4.2283664906333485,2.877429,-1.2196162,-0.5319976199797728,-3.53061683282355,2.877429,-2.282873,-0.5319976199797728,-0.9438503270899019,2.877429,2.0439885,-0.5319976199797728,1.1969338713838817,2.877429,-1.303997,-0.5319976199797728,-2.807063416705624,2.877429,1.716489,-0.5319976199797728,-1.6517652235173412,2.877429,-1.8840955,-0.5319976199797728,-3.6380940873033585,2.877429,3.407956,-0.5319976199797728,2.501819211710948
2.816712,0.3077416,-0.38078761604976663,-0.8456111733964465,2.816712,-1.4585524,-0.38078761604976663,-2.2321952386210246,2.816712,-3.361524,-0.38078761604976663,-4.097255349040903,2.816712,-0.9794676,-0.38078761604976663,-3.43062890245131,2.816712,-2.091362,-0.38078761604976663,-0.8661131776845935,2.816712,2.2372546,-0.38078761604976663,1.5605824949040532,2.816712,-1.1096205,-0.38078761604976663,-2.458333468408057,2.816712,1.9324678,-0.38078761604976663,-1.5743957438859297,2.816712,-1.6884882,-0.38078761604976663,-3.3638164559492116,2.816712,3.5868654,-0.38078761604976663,3.062789937886297
2.7560272,0.50099826,-0.2603710094179622,-0.491146226367768,2.7560272,-1.2648559,-0.2603710094179622,-1.9227530648180018,2.7560272,-3.1585603,-0.2603710094179622,-3.9785568899920634,2.7560272,-0.7752921,-0.2603710094179622,-2.7627720919000334,2.7560272,-1.9002105,-0.2603710094179622,-0.8041050630726626,2.7560272,2.4242373,-0.2603710094179622,1.7920747497981897,2.7560272,-0.92139,-0.2603710094179622,-2.2224448269657495,2.7560272,2.1459367,-0.2603710094179622,-1.512993035806551,2.7560272,-1.4985545,-0.2603710094179622,-3.138376996127762,2.7560272,3.7571566,-0.2603710094179622,3.437222860724359
2.6953065,0.69368917,-0.14437482242773209,-0.014727165459576086,2.6953065,-1.0721095,-0.14437482242773209,-1.7800210491399413,2.6953065,-2.9551697,-0.14437482242773209,-3.8921814730876476,2.6953065,-0.5241413,-0.14437482242773209,-0.47946003177834196,2.6953065,-1.7088796,-0.14437482242773209,-0.7400942180065526,2.6953065,2.6087296,-0.14437482242773209,1.892199781622878,2.6953065,-0.73544395,-0.14437482242773209,-2.088843917564143,2.6953065,2.3605826,-0.14437482242773209,-1.449326824937311,2.6953065,-1.3103725,-0.14437482242773209,-2.9824064218671626,2.6953065,3.9234688,-0.14437482242773209,3.5923319779168486
2.6346788,0.8808345,0.07226257326040117,2.109629233719531,2.6346788,-0.88516355,0.07226257326040117,-1.6853871383947696,2.6346788,-2.755529,0.07226257326040117,-3.7375136043081656,2.6346788,-0.26359162,0.07226257326040117,2.429201505677019,2.6346788,-1.5180074,0.07226257326040117,-0.5730397357943864,2.6346788,2.7856355,0.07226257326040117,1.9373972441710126,2.6346788,-0.556926,0.07226257326040117,-1.9493912161099198,2.6346788,2.572349,0.07226257326040117,-1.192411185972718,2.6346788,-1.1287701,0.07226257326040117,-2.5572382644741882,2.6346788,4.0797834,0.07226257326040117,3.6848855418443835
2.5739155,1.053496,0.17493774910846233,2.8223219472465955,2.5739155,-0.71276224,0.17493774910846233,-1.6311312187541611,2.5739155,-2.5667925,0.17493774910846233,-3.603422183985227,2.5739155,-0.021739285,0.17493774910846233,3.2788140682475073,2.5739155,-1.3417162,0.17493774910846233,-0.4555742285057309,2.5739155,2.9458923,0.17493774910846233,1.9518283492934758,2.5739155,-0.3948122,0.17493774910846233,-1.8011963482258346,2.5739155,2.7748175,0.17493774910846233,-0.7768816721165073,2.5739155,-0.9622737,0.17493774910846233,-1.8067867732600118,2.5739155,4.2137895,0.17493774910846233,3.712828767998586
2.5132177,1.2307035,0.27537551348759975,3.298639267573359,2.5132177,-0.53566235,0.27537551348759975,-1.5664468631145552,2.5132177,-2.3724008,0.27537551348759975,-3.4072660812499502,2.5132177,0.18788746,0.27537551348759975,3.8439755604194765,2.5132177,-1.1767051,0.27537551348759975,-0.27218698565486443,2.5132177,3.107923,0.27537551348759975,1.9085998174970695,2.5132177,-0.23082007,0.27537551348759975,-1.5711687140766188,2.5132177,2.9828084,0.27537551348759975,-0.27364671546825137,2.5132177,-0.7925418,0.27537551348759975,-1.1010280357567233,2.5132177,4.3507476,0.27537551348759975,3.658420359400394
2.452553,1.3937764,0.4201703172792987,3.726313005088529,2.452553,-0.3734854,0.4201703172792987,-1.348054500353735,2.452553,-2.1888235,0.4201703172792987,-3.0770211784624264,2.452553,0.42715096,0.4201703172792987,4.363245013866878,2.452553,-1.0098741,0.4201703172792987,0.06767248339677462,2.452553,3.251761,0.4201703172792987,1.7549809954290592,2.452553,-0.08490593,0.4201703172792987,-1.217640337694492,2.452553,3.1808882,0.4201703172792987,0.29728072836347263,2.452553,-0.63848716,0.4201703172792987,-0.3882736902912511,2.452553,4.46427,0.4201703172792987,3.4457157160854806
2.3918169,1.5503647,0.9007798998447825,3.7958153988887524,2.3918169,-0.21868601,0.9007798998447825,-0.873747002407398,2.3918169,-2.0096812,0.9007798998447825,-2.306322804292376,2.3918169,0.68637437,0.9007798998447825,4.58566934175906,2.3918169,-0.84270865,0.9007798998447825,0.8744255986863679,2.3918169,3.384109,0.9007798998447825,2.3433746637333925,2.3918169,0.049598243,0.9007798998447825,-0.7847869632556124,2.3918169,3.3746552,0.9007798998447825,1.4988638680490627,2.3918169,-0.49292907,0.9007798998447825,0.17803029562024328,2.3918169,4.563859,0.9007798998447825,3.195832220109777
2.3312247,1.6958817,1.3656666981474332,3.147594551077235,2.3312247,-0.07545132,1.3656666981474332,-0.5327677699871487,2.3312247,-1.8387793,1.3656666981474332,-1.706707893159274,2.3312247,0.92409724,1.3656666981474332,3.972535613987491,2.3312247,-0.66920596,1.3656666981474332,1.3006421545319808,2.3312247,3.499992,1.3656666981474332,2.90447760328885,2.3312247,0.16750674,1.3656666981474332,-0.5290321619322961,2.3312247,3.5601242,1.3656666981474332,2.9186157794267227,2.3312247,-0.35986075,1.3656666981474332,-0.15986090836647765,2.3312247,4.643478,1.3656666981474332,3.103927040628228
2.2898118,1.7907547,1.4748111675725013,2.9128015217231726,2.2898118,0.018374633,1.4748111675725013,-0.059629503926337625,2.2898118,-1.7250327,1.4748111675725013,-1.4311412514002966,2.2898118,1.0495864,1.4748111675725013,3.7335991586456747,2.2898118,-0.54972214,1.4748111675725013,1.1899034684002954,2.2898118,3.571936,1.4748111675725013,3.1358303918849644,2.2898118,0.2405796,1.4748111675725013,-0.30866152755190707,2.2898118,3.6834662,1.4748111675725013,3.706509590728926,2.2898118,-0.27360588,1.4748111675725013,-0.09483024418489903,2.2898118,4.69016,1.4748111675725013,3.420890173318985
2.2484636,1.8817867,1.7246886407891013,2.5433664204536495,2.2484636,0.10609085,1.7246886407891013,0.5609760682271596,2.2484636,-1.6163621,1.7246886407891013,-0.9524248784719924,2.2484636,1.2438711,1.7246886407891013,3.074477950816219,2.2484636,-0.4278411,1.7246886407891013,0.8978048036471171,2.2484636,3.634911,1.7246886407891013,3.5899095220329036,2.2484636,0.304582,1.7246886407891013,0.20522455081918134,2.2484636,3.801505,1.7246886407891013,4.50268223290042,2.2484636,-0.19370332,1.7246886407891013,0.2139040214697185,2.2484636,4.7260385,1.7246886407891013,4.174077589077272
2.2070956,1.9664382,1.918508666805214,2.4031990354261676,2.2070956,0.18933526,1.918508666805214,0.5788690026036675,2.2070956,-1.5118904,1.918508666805214,-0.986875815765425,2.2070956,1.3625398,1.918508666805214,2.459100091538827,2.2070956,-0.3056277,1.918508666805214,0.5352862581308271,2.2070956,3.6904218,1.918508666805214,3.792626627540863,2.2070956,0.360732,1.918508666805214,0.44942183015515974,2.2070956,3.914911,1.918508666805214,4.487266772959609,2.2070956,-0.11861519,1.918508666805214,0.2216049749853343,2.2070956,4.7537117,1.918508666805214,4.609950151059879
2.1655412,2.048159,2.064636702483452,2.2160827728442873,2.1655412,0.2662336,2.064636702483452,0.4234998179964111,2.1655412,-1.4131665,2.064636702483452,-1.2031299024461106,2.1655412,1.5590177,2.064636702483452,1.9192987317020316,2.1655412,-0.18232724,2.064636702483452,0.11649796491757587,2.1655412,3.7360165,2.064636702483452,3.7996236206787906,2.1655412,0.4065422,2.064636702483452,0.46837225869299876,2.1655412,4.022282,2.064636702483452,4.2520595191891575,2.1655412,-0.049813386,2.064636702483452,0.08811021570930622,2.1655412,4.7693357,2.064636702483452,4.752198144739772
2.1241782,2.119127,nan,nan,2.1241782,0.3348619,nan,nan,2.1241782,-1.3221198,nan,nan,2.1241782,1.6772207,nan,nan,2.1241782,-0.059250377,nan,nan,2.1241782,3.7690566,nan,nan,2.1241782,0.4393294,nan,nan,2.1241782,4.1218486,nan,nan,2.1241782,0.010711177,nan,nan,2.1241782,4.7700477,nan,nan
2.0827854,2.190154,nan,nan,2.0827854,0.39860582,nan,nan,2.0827854,-1.2368984,nan,nan,2.0827854,1.8726453,nan,nan,2.0827854,0.06330358,nan,nan,2.0827854,3.7933955,nan,nan,2.0827854,0.46287358,nan,nan,2.0827854,4.215095,nan,nan,2.0827854,0.0665918,nan,nan,2.0827854,4.7613845,nan,nan
2.0413928,2.249291,nan,nan,2.0413928,0.4553828,nan,nan,2.0413928,-1.1598809,nan,nan,2.0413928,1.9790502,nan,nan,2.0413928,0.18462665,nan,nan,2.0413928,3.8076003,nan,nan,2.0413928,0.4754147,nan,nan,2.0413928,4.2994018,nan,nan,2.0413928,0.11566992,nan,nan,2.0413928,4.7404327,nan,nan
2.0,2.3051393,nan,nan,2.0,0.5053585,nan,nan,2.0,-1.0914357,nan,nan,2.0,2.1252682,nan,nan,2.0,0.30656543,nan,nan,2.0,3.8125455,nan,nan,2.0,0.47761703,nan,nan,2.0,4.374084,nan,nan,2.0,0.15867008,nan,nan,2.0,4.7086716,nan,nan
1.9585592,2.3544018,nan,nan,1.9585592,0.5459175,nan,nan,1.9585592,-1.0338622,nan,nan,1.9585592,2.2793555,nan,nan,1.9585592,0.42260334,nan,nan,1.9585592,3.8055925,nan,nan,1.9585592,0.46707755,nan,nan,1.9585592,4.437002,nan,nan,1.9585592,0.19317228,nan,nan,1.9585592,4.6614523,nan,nan
1.9175107,2.404415,nan,nan,1.9175107,0.57969004,nan,nan,1.9175107,-0.9857051,nan,nan,1.9175107,2.4635787,nan,nan,1.9175107,0.5380939,nan,nan,1.9175107,3.7923036,nan,nan,1.9175107,0.4489819,nan,nan,1.9175107,4.488519,nan,nan,1.9175107,0.22231342,nan,nan,1.9175107,4.608667,nan,nan
1.8760388,2.4367023,nan,nan,1.8760388,0.6016131,nan,nan,1.8760388,-0.9507303,nan,nan,1.8760388,2.5772266,nan,nan,1.8760388,0.63281286,nan,nan,1.8760388,3.7666028,nan,nan,1.8760388,0.41704655,nan,nan,1.8760388,4.525425,nan,nan,1.8760388,0.240659,nan,nan,1.8760388,4.5386643,nan,nan
1.8344207,2.4745643,nan,nan,1.8344207,0.6105872,nan,nan,1.8344207,-0.9301139,nan,nan,1.8344207,2.744752,nan,nan,1.8344207,0.7117003,nan,nan,1.8344207,3.72962,nan,nan,1.8344207,0.37233317,nan,nan,1.8344207,4.5457673,nan,nan,1.8344207,0.24887042,nan,nan,1.8344207,4.453291,nan,nan
1.7930915,2.492817,nan,nan,1.7930915,0.60702205,nan,nan,1.7930915,-0.92340857,nan,nan,1.7930915,2.8457587,nan,nan,1.7930915,0.78815776,nan,nan,1.7930915,3.685701,nan,nan,1.7930915,0.3193768,nan,nan,1.7930915,4.5484633,nan,nan,1.7930915,0.24655917,nan,nan,1.7930915,4.360233,nan,nan
1.7520485,2.5243244,nan,nan,1.7520485,0.5862708,nan,nan,1.7520485,-0.93414515,nan,nan,1.7520485,2.9921923,nan,nan,1.7520485,0.85389614,nan,nan,1.7520485,3.630973,nan,nan,1.7520485,0.2541042,nan,nan,1.7520485,4.530009,nan,nan,1.7520485,0.23179832,nan,nan,1.7520485,4.251784,nan,nan
1.7101173,2.5535078,nan,nan,1.7101173,0.5475046,nan,nan,1.7101173,-0.9621603,nan,nan,1.7101173,3.1183016,nan,nan,1.7101173,0.92118967,nan,nan,1.7101173,3.56804,nan,nan,1.7101173,0.17919225,nan,nan,1.7101173,4.4881287,nan,nan,1.7101173,0.20437388,nan,nan,1.7101173,4.132693,nan,nan
1.6693169,2.5958047,nan,nan,1.6693169,0.4911098,nan,nan,1.6693169,-1.0069706,nan,nan,1.6693169,3.2462587,nan,nan,1.6693169,0.9761663,nan,nan,1.6693169,3.5014682,nan,nan,1.6693169,0.1002833,nan,nan,1.6693169,4.4227376,nan,nan,1.6693169,0.16684994,nan,nan,1.6693169,4.0115438,nan,nan
1.6273658,2.6393602,nan,nan,1.6273658,0.41245908,nan,nan,1.6273658,-1.0708034,nan,nan,1.6273658,3.354645,nan,nan,1.6273658,1.0291735,nan,nan,1.6273658,3.428811,nan,nan,1.6273658,0.014852339,nan,nan,1.6273658,4.3278093,nan,nan,1.6273658,0.11687779,nan,nan,1.6273658,3.8840716,nan,nan
1.5865873,2.7023501,nan,nan,1.5865873,0.31429058,nan,nan,1.5865873,-1.1504678,nan,nan,1.5865873,3.4663818,nan,nan,1.5865873,1.0771048,nan,nan,1.5865873,3.3535333,nan,nan,1.5865873,-0.0719719,nan,nan,1.5865873,4.206693,nan,nan,1.5865873,0.06030022,nan,nan,1.5865873,3.7586155,nan,nan
1.5465426,2.76657,nan,nan,1.5465426,0.19837023,nan,nan,1.5465426,-1.2427096,nan,nan,1.5465426,3.5610573,nan,nan,1.5465426,1.1162205,nan,nan,1.5465426,3.2776337,nan,nan,1.5465426,-0.15740666,nan,nan,1.5465426,4.059086,nan,nan,1.5465426,0.0002786507,nan,nan,1.5465426,3.637457,nan,nan
1.5037907,2.8518388,nan,nan,1.5037907,0.052765682,nan,nan,1.5037907,-1.3541259,nan,nan,1.5037907,3.6662877,nan,nan,1.5037907,1.1503782,nan,nan,1.5037907,3.1936421,nan,nan,1.5037907,-0.24873911,nan,nan,1.5037907,3.866067,nan,nan,1.5037907,-0.060342114,nan,nan,1.5037907,3.5080466,nan,nan
1.462398,2.9389143,nan,nan,1.462398,-0.10777289,nan,nan,1.462398,-1.46413,nan,nan,1.462398,3.7624314,nan,nan,1.462398,1.2068337,nan,nan,1.462398,3.1110673,nan,nan,1.462398,-0.3343287,nan,nan,1.462398,3.6381648,nan,nan,1.462398,-0.1096029,nan,nan,1.462398,3.3835576,nan,nan
1.4199557,3.0289404,nan,nan,1.4199557,-0.28924185,nan,nan,1.4199557,-1.5755976,nan,nan,1.4199557,3.8557262,nan,nan,1.4199557,1.2570754,nan,nan,1.4199557,3.022187,nan,nan,1.4199557,-0.4216669,nan,nan,1.4199557,3.359716,nan,nan,1.4199557,-0.14511058,nan,nan,1.4199557,3.2549977,nan,nan
1.378398,3.1175208,nan,nan,1.378398,-0.47721615,nan,nan,1.378398,-1.6783355,nan,nan,1.378398,3.9433534,nan,nan,1.378398,1.2925224,nan,nan,1.378398,2.9314249,nan,nan,1.378398,-0.50554883,nan,nan,1.378398,3.0298493,nan,nan,1.378398,-0.16120043,nan,nan,1.378398,3.13275,nan,nan
1.3747483,3.1267068,nan,nan,1.3747483,-0.49333823,nan,nan,1.3747483,-1.6867669,nan,nan,1.3747483,3.952269,nan,nan,1.3747483,1.2948499,nan,nan,1.3747483,2.9235625,nan,nan,1.3747483,-0.51245844,nan,nan,1.3747483,2.9982836,nan,nan,1.3747483,-0.16079387,nan,nan,1.3747483,3.1234226,nan,nan
1.3692158,3.1397526,nan,nan,1.3692158,-0.5175394,nan,nan,1.3692158,-1.6989859,nan,nan,1.3692158,3.9649286,nan,nan,1.3692158,1.2983785,nan,nan,1.3692158,2.9119048,nan,nan,1.3692158,-0.5226138,nan,nan,1.3692158,2.9497538,nan,nan,1.3692158,-0.16020164,nan,nan,1.3692158,3.1110349,nan,nan
1.365488,3.1479893,nan,nan,1.365488,-0.5335343,nan,nan,1.365488,-1.7070966,nan,nan,1.365488,3.9729185,nan,nan,1.365488,1.3007561,nan,nan,1.365488,2.9041038,nan,nan,1.365488,-0.5293552,nan,nan,1.365488,2.9170485,nan,nan,1.365488,-0.15984376,nan,nan,1.365488,3.1035693,nan,nan
1.3636119,3.151975,nan,nan,1.3636119,-0.5415354,nan,nan,1.3636119,-1.711156,nan,nan,1.3636119,3.9767852,nan,nan,1.3636119,1.3019526,nan,nan,1.3636119,2.900057,nan,nan,1.3636119,-0.5328762,nan,nan,1.3636119,2.9003644,nan,nan,1.3636119,-0.15971056,nan,nan,1.3636119,3.0989075,nan,nan
1.3617278,3.155874,nan,nan,1.3617278,-0.5499059,nan,nan,1.3617278,-1.7152289,nan,nan,1.3617278,3.9805684,nan,nan,1.3617278,1.3031542,nan,nan,1.3617278,2.8954854,nan,nan,1.3617278,-0.53685194,nan,nan,1.3617278,2.8836231,nan,nan,1.3617278,-0.15966472,nan,nan,1.3617278,3.0929496,nan,nan
1.3579348,3.163422,nan,nan,1.3579348,-0.5666259,nan,nan,1.3579348,-1.7231339,nan,nan,1.3579348,3.9878936,nan,nan,1.3579348,1.3055732,nan,nan,1.3579348,2.8861048,nan,nan,1.3579348,-0.545023,nan,nan,1.3579348,2.8492525,nan,nan,1.3579348,-0.15958464,nan,nan,1.3579348,3.0788977,nan,nan
1.3521825,3.1741467,nan,nan,1.3521825,-0.5925427,nan,nan,1.3521825,-1.7348827,nan,nan,1.3521825,3.998302,nan,nan,1.3521825,1.3092419,nan,nan,1.3521825,2.8720038,nan,nan,1.3521825,-0.55725056,nan,nan,1.3521825,2.7940655,nan,nan,1.3521825,-0.15965365,nan,nan,1.3521825,3.0586255,nan,nan
1.3364598,3.199563,nan,nan,1.3364598,-0.6614263,nan,nan,1.3364598,-1.7706153,nan,nan,1.3364598,4.022947,nan,nan,1.3364598,1.3112879,nan,nan,1.3364598,2.8344924,nan,nan,1.3364598,-0.5895609,nan,nan,1.3364598,2.637591,nan,nan,1.3364598,-0.16066146,nan,nan,1.3364598,3.0148787,nan,nan
1.3304138,3.2080092,nan,nan,1.3304138,-0.6857759,nan,nan,1.3304138,-1.7831445,nan,nan,1.3304138,4.0311213,nan,nan,1.3304138,1.3115802,nan,nan,1.3304138,2.8213077,nan,nan,1.3304138,-0.6007303,nan,nan,1.3304138,2.5774806,nan,nan,1.3304138,-0.16087207,nan,nan,1.3304138,3.0040998,nan,nan
1.3263359,3.2133331,nan,nan,1.3263359,-0.7020649,nan,nan,1.3263359,-1.79159,nan,nan,1.3263359,4.036271,nan,nan,1.3263359,1.3117776,nan,nan,1.3263359,2.813059,nan,nan,1.3263359,-0.60765016,nan,nan,1.3263359,2.534583,nan,nan,1.3263359,-0.16106865,nan,nan,1.3263359,2.9997208,nan,nan
1.3242824,3.2159054,nan,nan,1.3242824,-0.7103969,nan,nan,1.3242824,-1.7957742,nan,nan,1.3242824,4.038759,nan,nan,1.3242824,1.3118769,nan,nan,1.3242824,2.808517,nan,nan,1.3242824,-0.61150295,nan,nan,1.3242824,2.512636,nan,nan,1.3242824,-0.16122974,nan,nan,1.3242824,2.9957078,nan,nan
1.3222193,3.2184186,nan,nan,1.3222193,-0.7190119,nan,nan,1.3222193,-1.7999704,nan,nan,1.3222193,4.0411906,nan,nan,1.3222193,1.3119766,nan,nan,1.3222193,2.803417,nan,nan,1.3222193,-0.6158338,nan,nan,1.3222193,2.4905171,nan,nan,1.3222193,-0.16128066,nan,nan,1.3222193,2.9888775,nan,nan
1.3180633,3.2267284,nan,nan,1.3180633,-0.73619324,nan,nan,1.3180633,-1.8084996,nan,nan,1.3180633,4.049191,nan,nan,1.3180633,1.3121772,nan,nan,1.3180633,2.791924,nan,nan,1.3180633,-0.62526137,nan,nan,1.3180633,2.44622,nan,nan,1.3180633,-0.15969978,nan,nan,1.3180633,2.9710815,nan,nan
1.3117539,3.243601,nan,nan,1.3117539,-0.76040643,nan,nan,1.3117539,-1.8200855,nan,nan,1.3117539,4.065408,nan,nan,1.3117539,1.312482,nan,nan,1.3117539,2.774614,nan,nan,1.3117539,-0.63880306,nan,nan,1.3117539,2.380072,nan,nan,1.3117539,-0.15395953,nan,nan,1.3117539,2.947495,nan,nan
1.2944663,3.2827044,nan,nan,1.2944663,-0.8241534,nan,nan,1.2944663,-1.855484,nan,nan,1.2944663,4.1030374,nan,nan,1.2944663,1.3093753,nan,nan,1.2944663,2.7301571,nan,nan,1.2944663,-0.67288727,nan,nan,1.2944663,2.1795485,nan,nan,1.2944663,-0.14107278,nan,nan,1.2944663,2.8990734,nan,nan
1.2741579,3.3181856,nan,nan,1.2741579,-0.88156945,nan,nan,1.2741579,-1.8934854,nan,nan,1.2741579,4.1372004,nan,nan,1.2741579,1.2958885,nan,nan,1.2741579,2.6771505,nan,nan,1.2741579,-0.71266997,nan,nan,1.2741579,1.9813815,nan,nan,1.2741579,-0.12771988,nan,nan,1.2741579,2.8518264,nan,nan
1.2671717,3.3283262,nan,nan,1.2671717,-0.89014184,nan,nan,1.2671717,-1.9032736,nan,nan,1.2671717,4.146952,nan,nan,1.2671717,1.2912494,nan,nan,1.2671717,2.6765642,nan,nan,1.2671717,-0.71253717,nan,nan,1.2671717,1.9341291,nan,nan,1.2671717,-0.122769125,nan,nan,1.2671717,2.8441267,nan,nan
1.262451,3.3346586,nan,nan,1.262451,-0.8964637,nan,nan,1.262451,-1.9080968,nan,nan,1.262451,4.153042,nan,nan,1.262451,1.2881148,nan,nan,1.262451,2.6672297,nan,nan,1.262451,-0.7191224,nan,nan,1.262451,1.9107744,nan,nan,1.262451,-0.117440075,nan,nan,1.262451,2.843313,nan,nan
1.2600714,3.3376946,nan,nan,1.2600714,-0.90435374,nan,nan,1.2600714,-1.9113688,nan,nan,1.2600714,4.155968,nan,nan,1.2600714,1.2865345,nan,nan,1.2600714,2.6451545,nan,nan,1.2600714,-0.73545134,nan,nan,1.2600714,1.9015404,nan,nan,1.2600714,-0.118431166,nan,nan,1.2600714,2.8387196,nan,nan
1.2576786,3.3406568,nan,nan,1.2576786,-0.90786165,nan,nan,1.2576786,-1.9139171,nan,nan,1.2576786,4.1588173,nan,nan,1.2576786,1.2849454,nan,nan,1.2576786,2.6387265,nan,nan,1.2576786,-0.7400912,nan,nan,1.2576786,1.8934569,nan,nan,1.2576786,-0.11694944,nan,nan,1.2576786,2.83131,nan,nan
1.252853,3.3463464,nan,nan,1.252853,-0.9148571,nan,nan,1.252853,-1.9187601,nan,nan,1.252853,4.1642895,nan,nan,1.252853,1.2817405,nan,nan,1.252853,2.6246617,nan,nan,1.252853,-0.75025094,nan,nan,1.252853,1.8803304,nan,nan,1.252853,-0.11421817,nan,nan,1.252853,2.8120742,nan,nan
1.2455127,3.35432,nan,nan,1.2455127,-0.92232764,nan,nan,1.2455127,-1.9264143,nan,nan,1.2455127,4.1719522,nan,nan,1.2455127,1.274751,nan,nan,1.2455127,2.606593,nan,nan,1.2455127,-0.7630687,nan,nan,1.2455127,1.8707428,nan,nan,1.2455127,-0.10990316,nan,nan,1.2455127,2.791643,nan,nan
1.230449,3.3768532,nan,nan,1.230449,-0.92739743,nan,nan,1.230449,-1.9391824,nan,nan,1.230449,4.194537,nan,nan,1.230449,1.2576475,nan,nan,1.230449,2.5690615,nan,nan,1.230449,-0.7872002,nan,nan,1.230449,1.8957928,nan,nan,1.230449,-0.09517923,nan,nan,1.230449,2.7621706,nan,nan
1.2227165,3.3888128,nan,nan,1.2227165,-0.92695004,nan,nan,1.2227165,-1.9459351,nan,nan,1.2227165,4.206664,nan,nan,1.2227165,1.2488681,nan,nan,1.2227165,2.5511115,nan,nan,1.2227165,-0.7979623,nan,nan,1.2227165,1.920106,nan,nan,1.2227165,-0.08694265,nan,nan,1.2227165,2.749897,nan,nan
1.217484,3.3962307,nan,nan,1.217484,-0.92547834,nan,nan,1.217484,-1.9493059,nan,nan,1.217484,4.214184,nan,nan,1.217484,1.2429272,nan,nan,1.217484,2.5396283,nan,nan,1.217484,-0.80470824,nan,nan,1.217484,1.9418845,nan,nan,1.217484,-0.08170575,nan,nan,1.217484,2.7428784,nan,nan
1.2148439,3.399781,nan,nan,1.2148439,-0.9242951,nan,nan,1.2148439,-1.9506416,nan,nan,1.2148439,4.217782,nan,nan,1.2148439,1.2399297,nan,nan,1.2148439,2.5334604,nan,nan,1.2148439,-0.8083384,nan,nan,1.2148439,1.954831,nan,nan,1.2148439,-0.079108045,nan,nan,1.2148439,2.7398698,nan,nan
1.2121875,3.403228,nan,nan,1.2121875,-0.9233197,nan,nan,1.2121875,-1.952353,nan,nan,1.2121875,4.221276,nan,nan,1.2121875,1.2369138,nan,nan,1.2121875,2.5274374,nan,nan,1.2121875,-0.81185114,nan,nan,1.2121875,1.9677476,nan,nan,1.2121875,-0.07666638,nan,nan,1.2121875,2.7373645,nan,nan
1.2068259,3.4098227,nan,nan,1.2068259,-0.92060745,nan,nan,1.2068259,-1.9553813,nan,nan,1.2068259,4.2279587,nan,nan,1.2068259,1.2308264,nan,nan,1.2068259,2.5160525,nan,nan,1.2068259,-0.8183634,nan,nan,1.2068259,1.9944825,nan,nan,1.2068259,-0.07187229,nan,nan,1.2068259,2.7355194,nan,nan
1.2013971,3.416033,nan,nan,1.2013971,-0.9164377,nan,nan,1.2013971,-1.9583251,nan,nan,1.2013971,4.2342496,nan,nan,1.2013971,1.2246631,nan,nan,1.2013971,2.5067728,nan,nan,1.2013971,-0.82319736,nan,nan,1.2013971,2.0222301,nan,nan,1.2013971,-0.067453146,nan,nan,1.2013971,2.7479146,nan,nan
1.198657,3.4190013,nan,nan,1.198657,-0.9121934,nan,nan,1.198657,-1.9596976,nan,nan,1.198657,4.237253,nan,nan,1.198657,1.2212213,nan,nan,1.198657,2.5069158,nan,nan,1.198657,-0.8220904,nan,nan,1.198657,2.0365572,nan,nan,1.198657,-0.06512822,nan,nan,1.198657,2.7735417,nan,nan
1.1958996,3.4218793,nan,nan,1.1958996,-0.90752184,nan,nan,1.1958996,-1.9613091,nan,nan,1.1958996,4.2401643,nan,nan,1.1958996,1.2174107,nan,nan,1.1958996,2.5083132,nan,nan,1.1958996,-0.82009923,nan,nan,1.1958996,2.050955,nan,nan,1.1958996,-0.06282259,nan,nan,1.1958996,2.8012238,nan,nan
1.1931247,3.4246566,nan,nan,1.1931247,-0.9091734,nan,nan,1.1931247,-1.9637214,nan,nan,1.1931247,4.2429843,nan,nan,1.1931247,1.2135739,nan,nan,1.1931247,2.4964786,nan,nan,1.1931247,-0.82803196,nan,nan,1.1931247,2.063854,nan,nan,1.1931247,-0.06110877,nan,nan,1.1931247,2.7722144,nan,nan
1.1875207,3.4299538,nan,nan,1.1875207,-0.9100323,nan,nan,1.1875207,-1.9684038,nan,nan,1.1875207,4.2483597,nan,nan,1.1875207,1.2058269,nan,nan,1.1875207,2.4779997,nan,nan,1.1875207,-0.8398407,nan,nan,1.1875207,2.088677,nan,nan,1.1875207,-0.057666764,nan,nan,1.1875207,2.7379212,nan,nan
1.1818436,3.4349203,nan,nan,1.1818436,-0.90404,nan,nan,1.1818436,-1.9713287,nan,nan,1.1818436,4.253391,nan,nan,1.1818436,1.1979803,nan,nan,1.1818436,2.472439,nan,nan,1.1818436,-0.8421972,nan,nan,1.1818436,2.1127667,nan,nan,1.1818436,-0.054033894,nan,nan,1.1818436,2.758771,nan,nan
1.178977,3.4372797,nan,nan,1.178977,-0.90279174,nan,nan,1.178977,-1.974495,nan,nan,1.178977,4.2557807,nan,nan,1.178977,1.1940181,nan,nan,1.178977,2.469856,nan,nan,1.178977,-0.843205,nan,nan,1.178977,2.1246593,nan,nan,1.178977,-0.052405246,nan,nan,1.178977,2.771113,nan,nan
1.1760913,3.4395523,nan,nan,1.1760913,-0.9024297,nan,nan,1.1760913,-1.9772996,nan,nan,1.1760913,4.258089,nan,nan,1.1760913,1.1900289,nan,nan,1.1760913,2.4605713,nan,nan,1.1760913,-0.8490753,nan,nan,1.1760913,2.1344285,nan,nan,1.1760913,-0.051026236,nan,nan,1.1760913,2.7566395,nan,nan
1.1702617,3.4438608,nan,nan,1.1702617,-0.9052805,nan,nan,1.1702617,-1.9818599,nan,nan,1.1702617,4.2624645,nan,nan,1.1702617,1.1819702,nan,nan,1.1702617,2.4418967,nan,nan,1.1702617,-0.8607457,nan,nan,1.1702617,2.1542308,nan,nan,1.1702617,-0.04845345,nan,nan,1.1702617,2.7284546,nan,nan
1.1643529,3.4478645,nan,nan,1.1643529,-0.9032782,nan,nan,1.1643529,-1.9880409,nan,nan,1.1643529,4.266526,nan,nan,1.1643529,1.1738027,nan,nan,1.1643529,2.4326286,nan,nan,1.1643529,-0.86578083,nan,nan,1.1643529,2.1730742,nan,nan,1.1643529,-0.045837067,nan,nan,1.1643529,2.735626,nan,nan
1.1583625,3.4595065,nan,nan,1.1583625,-0.8978555,nan,nan,1.1583625,-1.9934746,nan,nan,1.1583625,4.277513,nan,nan,1.1583625,1.1655234,nan,nan,1.1583625,2.4301782,nan,nan,1.1583625,-0.8639262,nan,nan,1.1583625,2.1834512,nan,nan,1.1583625,-0.03745904,nan,nan,1.1583625,2.768041,nan,nan
1.155336,3.4687965,nan,nan,1.155336,-0.89544755,nan,nan,1.155336,-1.9966832,nan,nan,1.155336,4.2861667,nan,nan,1.155336,1.1613405,nan,nan,1.155336,2.4277673,nan,nan,1.155336,-0.8628541,nan,nan,1.155336,2.1845345,nan,nan,1.155336,-0.030693598,nan,nan,1.155336,2.7781894,nan,nan
1.1522883,3.4777217,nan,nan,1.1522883,-0.8963249,nan,nan,1.1522883,-2.0009894,nan,nan,1.1522883,4.294493,nan,nan,1.1522883,1.1571275,nan,nan,1.1522883,2.420108,nan,nan,1.1522883,-0.865435,nan,nan,1.1522883,2.179962,nan,nan,1.1522883,-0.02450254,nan,nan,1.1522883,2.7711127,nan,nan
1.1492192,3.4863014,nan,nan,1.1492192,-0.89851904,nan,nan,1.1492192,-2.0055873,nan,nan,1.1492192,4.3025084,nan,nan,1.1492192,1.1533675,nan,nan,1.1492192,2.411013,nan,nan,1.1492192,-0.86899453,nan,nan,1.1492192,2.171434,nan,nan,1.1492192,-0.018592123,nan,nan,1.1492192,2.7569427,nan,nan
1.1430148,3.5024981,nan,nan,1.1430148,-0.9039827,nan,nan,1.1430148,-2.014478,nan,nan,1.1430148,4.317658,nan,nan,1.1430148,1.1486275,nan,nan,1.1430148,2.3977616,nan,nan,1.1430148,-0.87251407,nan,nan,1.1430148,2.137498,nan,nan,1.1430148,-0.0075485455,nan,nan,1.1430148,2.7528756,nan,nan
1.1398791,3.5101461,nan,nan,1.1398791,-0.9053652,nan,nan,1.1398791,-2.0191376,nan,nan,1.1398791,4.3248177,nan,nan,1.1398791,1.1462326,nan,nan,1.1398791,2.3978565,nan,nan,1.1398791,-0.8699062,nan,nan,1.1398791,2.114878,nan,nan,1.1398791,-0.0021723905,nan,nan,1.1398791,2.7725925,nan,nan
1.1367205,3.5175118,nan,nan,1.1367205,-0.9061237,nan,nan,1.1367205,-2.0242505,nan,nan,1.1367205,4.3317165,nan,nan,1.1367205,1.1438209,nan,nan,1.1367205,2.403182,nan,nan,1.1367205,-0.8639381,nan,nan,1.1367205,2.0856729,nan,nan,1.1367205,0.0030556254,nan,nan,1.1367205,2.8080957,nan,nan
1.133539,3.5246031,nan,nan,1.133539,-0.9084753,nan,nan,1.133539,-2.0300786,nan,nan,1.133539,4.3383646,nan,nan,1.133539,1.1413912,nan,nan,1.133539,2.4059103,nan,nan,1.133539,-0.8597769,nan,nan,1.133539,2.050755,nan,nan,1.133539,0.00796707,nan,nan,1.133539,2.8331046,nan,nan
1.1303338,3.5314257,nan,nan,1.1303338,-0.91690904,nan,nan,1.1303338,-2.03726,nan,nan,1.1303338,4.3447714,nan,nan,1.1303338,1.1389419,nan,nan,1.1303338,2.3942196,nan,nan,1.1303338,-0.86516833,nan,nan,1.1303338,2.0097907,nan,nan,1.1303338,0.012281037,nan,nan,1.1303338,2.814396,nan,nan
1.1271048,3.537997,nan,nan,1.1271048,-0.9267289,nan,nan,1.1271048,-2.044684,nan,nan,1.1271048,4.3509464,nan,nan,1.1271048,1.136474,nan,nan,1.1271048,2.3795476,nan,nan,1.1271048,-0.87236434,nan,nan,1.1271048,1.9665631,nan,nan,1.1271048,0.016377315,nan,nan,1.1271048,2.786933,nan,nan
1.1238517,3.5443313,nan,nan,1.1238517,-0.93381894,nan,nan,1.1238517,-2.0518239,nan,nan,1.1238517,4.356898,nan,nan,1.1238517,1.1339885,nan,nan,1.1238517,2.3713124,nan,nan,1.1238517,-0.87536585,nan,nan,1.1238517,1.9229126,nan,nan,1.1238517,0.020477103,nan,nan,1.1238517,2.7794592,nan,nan
1.1205739,3.5504375,nan,nan,1.1205739,-0.93801486,nan,nan,1.1205739,-2.0585933,nan,nan,1.1205739,4.3626337,nan,nan,1.1205739,1.131485,nan,nan,1.1205739,2.3709564,nan,nan,1.1205739,-0.873447,nan,nan,1.1205739,1.8776113,nan,nan,1.1205739,0.024601612,nan,nan,1.1205739,2.795355,nan,nan
1.1172713,3.556325,nan,nan,1.1172713,-0.93828917,nan,nan,1.1172713,-2.0649412,nan,nan,1.1172713,4.3681617,nan,nan,1.1172713,1.1289636,nan,nan,1.1172713,2.379773,nan,nan,1.1172713,-0.86573553,nan,nan,1.1172713,1.8321568,nan,nan,1.1172713,0.028727543,nan,nan,1.1172713,2.8392851,nan,nan
1.1105897,3.5674944,nan,nan,1.1105897,-0.9109675,nan,nan,1.1105897,-2.0736763,nan,nan,1.1105897,4.3786197,nan,nan,1.1105897,1.123871,nan,nan,1.1105897,2.463832,nan,nan,1.1105897,-0.80647457,nan,nan,1.1105897,1.7443198,nan,nan,1.1105897,0.038176462,nan,nan,1.1105897,3.063096,nan,nan
1.1072099,3.5727785,nan,nan,1.1072099,-0.89411604,nan,nan,1.1072099,-2.078137,nan,nan,1.1072099,4.3835626,nan,nan,1.1072099,1.1212964,nan,nan,1.1072099,2.5087783,nan,nan,1.1072099,-0.77328634,nan,nan,1.1072099,1.6985106,nan,nan,1.1072099,0.04276601,nan,nan,1.1072099,3.1597226,nan,nan
1.1038038,3.5778115,nan,nan,1.1038038,-0.92127246,nan,nan,1.1038038,-2.0897844,nan,nan,1.1038038,4.3883224,nan,nan,1.1038038,1.118687,nan,nan,1.1038038,2.451771,nan,nan,1.1038038,-0.81070906,nan,nan,1.1038038,1.6368835,nan,nan,1.1038038,0.04445627,nan,nan,1.1038038,3.0656352,nan,nan
1.1003705,3.5826542,nan,nan,1.1003705,-0.9546025,nan,nan,1.1003705,-2.1015892,nan,nan,1.1003705,4.3929048,nan,nan,1.1003705,1.1160564,nan,nan,1.1003705,2.380444,nan,nan,1.1003705,-0.85492754,nan,nan,1.1003705,1.5717993,nan,nan,1.1003705,0.04592834,nan,nan,1.1003705,2.9314606,nan,nan
1.09691,3.5873313,nan,nan,1.09691,-0.97270536,nan,nan,1.09691,-2.1087816,nan,nan,1.09691,4.397314,nan,nan,1.09691,1.1141925,nan,nan,1.09691,2.3395686,nan,nan,1.09691,-0.8778708,nan,nan,1.09691,1.5128638,nan,nan,1.09691,0.04824362,nan,nan,1.09691,2.8533144,nan,nan
1.0934217,3.5918393,nan,nan,1.0934217,-0.98259574,nan,nan,1.0934217,-2.117942,nan,nan,1.0934217,4.401556,nan,nan,1.0934217,1.1124108,nan,nan,1.0934217,2.3191643,nan,nan,1.0934217,-0.8879367,nan,nan,1.0934217,1.4543486,nan,nan,1.0934217,0.050767537,nan,nan,1.0934217,2.8213425,nan,nan
1.0863599,3.600354,nan,nan,1.0863599,-0.98935705,nan,nan,1.0863599,-2.1311002,nan,nan,1.0863599,4.409553,nan,nan,1.0863599,1.1088072,nan,nan,1.0863599,2.3112698,nan,nan,1.0863599,-0.88872164,nan,nan,1.0863599,1.3403664,nan,nan,1.0863599,0.05617361,nan,nan,1.0863599,2.8421254,nan,nan
1.0827854,3.6043668,nan,nan,1.0827854,-0.98901176,nan,nan,1.0827854,-2.137386,nan,nan,1.0827854,4.413317,nan,nan,1.0827854,1.1069843,nan,nan,1.0827854,2.3170092,nan,nan,1.0827854,-0.88362026,nan,nan,1.0827854,1.2813642,nan,nan,1.0827854,0.05882881,nan,nan,1.0827854,2.874933,nan,nan
1.0791812,3.6082604,nan,nan,1.0791812,-0.9907689,nan,nan,1.0791812,-2.1423259,nan,nan,1.0791812,4.416967,nan,nan,1.0791812,1.1051455,nan,nan,1.0791812,2.3165722,nan,nan,1.0791812,-0.8820967,nan,nan,1.0791812,1.2188739,nan,nan,1.0791812,0.061356008,nan,nan,1.0791812,2.893136,nan,nan
1.075547,3.6161158,nan,nan,1.075547,-0.99559736,nan,nan,1.075547,-2.1509738,nan,nan,1.075547,4.4241037,nan,nan,1.075547,1.1032898,nan,nan,1.075547,2.300417,nan,nan,1.075547,-0.8878367,nan,nan,1.075547,1.1591879,nan,nan,1.075547,0.06646401,nan,nan,1.075547,2.877903,nan,nan
1.071882,3.6236427,nan,nan,1.071882,-1.0018928,nan,nan,1.071882,-2.157678,nan,nan,1.071882,4.430949,nan,nan,1.071882,1.101418,nan,nan,1.071882,2.2779222,nan,nan,1.071882,-0.8968252,nan,nan,1.071882,1.1035005,nan,nan,1.071882,0.07140244,nan,nan,1.071882,2.8491566,nan,nan
1.0681858,3.6308596,nan,nan,1.0681858,-1.005274,nan,nan,1.0681858,-2.1637683,nan,nan,1.0681858,4.4375157,nan,nan,1.0681858,1.0995309,nan,nan,1.0681858,2.2628124,nan,nan,1.0681858,-0.90160924,nan,nan,1.0681858,1.0524595,nan,nan,1.0681858,0.076262586,nan,nan,1.0681858,2.8360326,nan,nan
1.064458,3.637791,nan,nan,1.064458,-1.003102,nan,nan,1.064458,-2.1691709,nan,nan,1.064458,4.443817,nan,nan,1.064458,1.0976291,nan,nan,1.064458,2.263759,nan,nan,1.064458,-0.8979466,nan,nan,1.064458,1.0072753,nan,nan,1.064458,0.08114445,nan,nan,1.064458,2.856595,nan,nan
1.0606978,3.6453204,nan,nan,1.0606978,-0.98959714,nan,nan,1.0606978,-2.173192,nan,nan,1.0606978,4.4502463,nan,nan,1.0606978,1.0957137,nan,nan,1.0606978,2.300449,nan,nan,1.0606978,-0.87534326,nan,nan,1.0606978,0.96792865,nan,nan,1.0606978,0.086527005,nan,nan,1.0606978,2.9358132,nan,nan
1.0569048,3.6525443,nan,nan,1.0569048,-0.96326447,nan,nan,1.0569048,-2.1767917,nan,nan,1.0569048,4.4564095,nan,nan,1.0569048,1.0937865,nan,nan,1.0569048,2.3651447,nan,nan,1.0569048,-0.83541113,nan,nan,1.0569048,0.93298596,nan,nan,1.0569048,0.091999896,nan,nan,1.0569048,3.0743105,nan,nan
1.0530784,3.6594653,nan,nan,1.0530784,-0.93676984,nan,nan,1.0530784,-2.180359,nan,nan,1.0530784,4.462319,nan,nan,1.0530784,1.0918429,nan,nan,1.0530784,2.4251885,nan,nan,1.0530784,-0.7961817,nan,nan,1.0530784,0.90038896,nan,nan,1.0530784,0.09728029,nan,nan,1.0530784,3.1864445,nan,nan
1.049218,3.6661139,nan,nan,1.049218,-0.96711206,nan,nan,1.049218,-2.1883178,nan,nan,1.049218,4.468306,nan,nan,1.049218,1.0892316,nan,nan,1.049218,2.3393605,nan,nan,1.049218,-0.84422445,nan,nan,1.049218,0.8657007,nan,nan,1.049218,0.100531906,nan,nan,1.049218,3.0639873,nan,nan
1.045323,3.6724806,nan,nan,1.045323,-0.9972987,nan,nan,1.045323,-2.1979916,nan,nan,1.045323,4.47404,nan,nan,1.045323,1.0840915,nan,nan,1.045323,2.2388594,nan,nan,1.045323,-0.89465904,nan,nan,1.045323,0.83609945,nan,nan,1.045323,0.103724785,nan,nan,1.045323,2.9048138,nan,nan
1.0334238,3.6920085,nan,nan,1.0334238,-1.021223,nan,nan,1.0334238,-2.2213545,nan,nan,1.0334238,4.491541,nan,nan,1.0334238,1.0684105,nan,nan,1.0334238,2.1155689,nan,nan,1.0334238,-0.94031996,nan,nan,1.0334238,0.78004813,nan,nan,1.0334238,0.11572287,nan,nan,1.0334238,2.7323391,nan,nan
1.0253059,3.7058973,nan,nan,1.0253059,-1.0224237,nan,nan,1.0253059,-2.2358098,nan,nan,1.0253059,4.5040503,nan,nan,1.0253059,1.0577166,nan,nan,1.0253059,2.0733106,nan,nan,1.0253059,-0.9491254,nan,nan,1.0253059,0.7593601,nan,nan,1.0253059,0.1246296,nan,nan,1.0253059,2.7062304,nan,nan
1.0170333,3.7185714,nan,nan,1.0170333,-1.0209795,nan,nan,1.0170333,-2.2491546,nan,nan,1.0170333,4.51547,nan,nan,1.0170333,1.0468196,nan,nan,1.0170333,2.0403852,nan,nan,1.0170333,-0.9538711,nan,nan,1.0170333,0.74985266,nan,nan,1.0170333,0.1329514,nan,nan,1.0170333,2.6986485,nan,nan
1.0043213,3.7355003,nan,nan,1.0043213,-1.016371,nan,nan,1.0043213,-2.2668624,nan,nan,1.0043213,4.530717,nan,nan,1.0043213,1.0300753,nan,nan,1.0043213,2.0033667,nan,nan,1.0043213,-0.95653766,nan,nan,1.0043213,0.7465159,nan,nan,1.0043213,0.14438437,nan,nan,1.0043213,2.7030063,nan,nan
0.99123055,3.7501483,nan,nan,0.99123055,-1.0108455,nan,nan,0.99123055,-2.2804308,nan,nan,0.99123055,4.5438848,nan,nan,0.99123055,1.0169308,nan,nan,0.99123055,1.9738002,nan,nan,0.99123055,-0.9566045,nan,nan,0.99123055,0.7470787,nan,nan,0.99123055,0.15432598,nan,nan,0.99123055,2.716753,nan,nan
0.977719,3.7653604,nan,nan,0.977719,-1.0034894,nan,nan,0.977719,-2.2917666,nan,nan,0.977719,4.557633,nan,nan,0.977719,1.0054488,nan,nan,0.977719,1.9520686,nan,nan,0.977719,-0.9528004,nan,nan,0.977719,0.7501718,nan,nan,0.977719,0.16435145,nan,nan,0.977719,2.7348175,nan,nan
0.9637878,3.7798057,nan,nan,0.9637878,-0.99259144,nan,nan,0.9637878,-2.3013303,nan,nan,0.9637878,4.5709944,nan,nan,0.9637878,0.993611,nan,nan,0.9637878,1.9655553,nan,nan,0.9637878,-0.9394955,nan,nan,0.9637878,0.7547887,nan,nan,0.9637878,0.17390673,nan,nan,0.9637878,2.7694228,nan,nan
0.94939,3.7917123,nan,nan,0.94939,-0.9739654,nan,nan,0.94939,-2.3074458,nan,nan,0.94939,4.5822587,nan,nan,0.94939,0.9805384,nan,nan,0.94939,2.038646,nan,nan,0.94939,-0.91024643,nan,nan,0.94939,0.7659866,nan,nan,0.94939,0.18199319,nan,nan,0.94939,2.8607595,nan,nan
0.9395192,3.7977562,nan,nan,0.9395192,-0.94004136,nan,nan,0.9395192,-2.318639,nan,nan,0.9395192,4.5881844,nan,nan,0.9395192,0.95855063,nan,nan,0.9395192,2.1860569,nan,nan,0.9395192,-0.85316485,nan,nan,0.9395192,0.78950393,nan,nan,0.9395192,0.1863409,nan,nan,0.9395192,3.0423229,nan,nan
0.9344985,3.8004878,nan,nan,0.9344985,-0.9128306,nan,nan,0.9344985,-2.3223534,nan,nan,0.9344985,4.5908513,nan,nan,0.9344985,0.94737244,nan,nan,0.9344985,2.2850614,nan,nan,0.9344985,-0.80889225,nan,nan,0.9344985,0.8117881,nan,nan,0.9344985,0.18866967,nan,nan,0.9344985,3.1597762,nan,nan
0.9294189,3.801585,nan,nan,0.9294189,-0.9295502,nan,nan,0.9294189,-2.3295448,nan,nan,0.9294189,4.592205,nan,nan,0.9294189,0.93604136,nan,nan,0.9294189,2.2163608,nan,nan,0.9294189,-0.8390248,nan,nan,0.9294189,0.8388947,nan,nan,0.9294189,0.18823387,nan,nan,0.9294189,3.0749733,nan,nan
0.9242793,3.8023868,nan,nan,0.9242793,-0.9414853,nan,nan,0.9242793,-2.3354704,nan,nan,0.9242793,4.5932827,nan,nan,0.9242793,0.9245791,nan,nan,0.9242793,2.1628876,nan,nan,0.9242793,-0.86063933,nan,nan,0.9242793,0.88060576,nan,nan,0.9242793,0.18773864,nan,nan,0.9242793,3.0089493,nan,nan
0.9138085,3.8004558,nan,nan,0.9138085,-0.93021065,nan,nan,0.9138085,-2.3354342,nan,nan,0.9138085,4.59087,nan,nan,0.9138085,0.9012441,nan,nan,0.9138085,2.196321,nan,nan,0.9138085,-0.8496169,nan,nan,0.9138085,1.0749072,nan,nan,0.9138085,0.18351915,nan,nan,0.9138085,3.0411248,nan,nan
0.8976326,3.7946944,nan,nan,0.8976326,-0.8601072,nan,nan,0.8976326,-2.2992904,nan,nan,0.8976326,4.584413,nan,nan,0.8976326,0.8679471,nan,nan,0.8976326,2.3788981,nan,nan,0.8976326,-0.7691261,nan,nan,0.8976326,1.6012783,nan,nan,0.8976326,0.17670436,nan,nan,0.8976326,3.2332046,nan,nan
0.892089,3.792584,nan,nan,0.892089,-0.8314013,nan,nan,0.892089,-2.274745,nan,nan,0.892089,4.5820694,nan,nan,0.892089,0.8619947,nan,nan,0.892089,2.4379253,nan,nan,0.892089,-0.73867565,nan,nan,0.892089,1.7595625,nan,nan,0.892089,0.1747656,nan,nan,0.892089,3.2935405,nan,nan
0.8864907,3.790374,nan,nan,0.8864907,-0.81443787,nan,nan,0.8864907,-2.2602365,nan,nan,0.8864907,4.5796385,nan,nan,0.8864907,0.85597694,nan,nan,0.8864907,2.4626153,nan,nan,0.8864907,-0.7260398,nan,nan,0.8864907,1.8789972,nan,nan,0.8864907,0.17203008,nan,nan,0.8864907,3.3175025,nan,nan
0.8808079,3.7920904,nan,nan,0.8808079,-0.8145503,nan,nan,0.8808079,-2.2598975,nan,nan,0.8808079,4.5805993,nan,nan,0.8808079,0.84985757,nan,nan,0.8808079,2.4398656,nan,nan,0.8808079,-0.7387792,nan,nan,0.8808079,1.9600714,nan,nan,0.8808079,0.17072372,nan,nan,0.8808079,3.2927582,nan,nan
0.8750613,3.7940562,nan,nan,0.8750613,-0.8286319,nan,nan,0.8750613,-2.2662957,nan,nan,0.8750613,4.5817842,nan,nan,0.8750613,0.8436626,nan,nan,0.8750613,2.3803391,nan,nan,0.8750613,-0.7708619,nan,nan,0.8750613,2.0011904,nan,nan,0.8750613,0.16864556,nan,nan,0.8750613,3.233471,nan,nan
0.86332285,3.7973537,nan,nan,0.86332285,-0.86595356,nan,nan,0.86332285,-2.29226,nan,nan,0.86332285,4.583599,nan,nan,0.86332285,0.83101046,nan,nan,0.86332285,2.2402182,nan,nan,0.86332285,-0.8379775,nan,nan,0.86332285,2.011394,nan,nan,0.86332285,0.16361271,nan,nan,0.86332285,3.0991018,nan,nan
0.85733247,3.7986958,nan,nan,0.85733247,-0.87871003,nan,nan,0.85733247,-2.3032427,nan,nan,0.85733247,4.58423,nan,nan,0.85733247,0.8245589,nan,nan,0.85733247,2.1910768,nan,nan,0.85733247,-0.858726,nan,nan,0.85733247,2.003132,nan,nan,0.85733247,0.16133542,nan,nan,0.85733247,3.0556784,nan,nan
0.85125834,3.7998395,nan,nan,0.85125834,-0.88331825,nan,nan,0.85125834,-2.3101518,nan,nan,0.85125834,4.584677,nan,nan,0.85125834,0.81802326,nan,nan,0.85125834,2.184273,nan,nan,0.85125834,-0.861325,nan,nan,0.85125834,1.9958793,nan,nan,0.85125834,0.15953363,nan,nan,0.85125834,3.0556989,nan,nan
0.845098,3.8007913,nan,nan,0.845098,-0.8688489,nan,nan,0.845098,-2.309018,nan,nan,0.845098,4.5849423,nan,nan,0.845098,0.8114047,nan,nan,0.845098,2.2459118,nan,nan,0.845098,-0.8349018,nan,nan,0.845098,1.9979297,nan,nan,0.845098,0.15861654,nan,nan,0.845098,3.1225574,nan,nan
0.83884907,3.8083525,nan,nan,0.83884907,-0.8965928,nan,nan,0.83884907,-2.3306272,nan,nan,0.83884907,4.5910807,nan,nan,0.83884907,0.80466557,nan,nan,0.83884907,2.1244693,nan,nan,0.83884907,-0.88109154,nan,nan,0.83884907,1.9634352,nan,nan,0.83884907,0.15996993,nan,nan,0.83884907,3.0137315,nan,nan
0.8325089,3.8154078,nan,nan,0.8325089,-0.9088248,nan,nan,0.8325089,-2.3443687,nan,nan,0.8325089,4.596784,nan,nan,0.8325089,0.7978375,nan,nan,0.8325089,2.059537,nan,nan,0.8325089,-0.9006907,nan,nan,0.8325089,1.9383484,nan,nan,0.8325089,0.16203515,nan,nan,0.8325089,2.9667397,nan,nan
0.81953734,3.8281925,nan,nan,0.81953734,-0.91625017,nan,nan,0.81953734,-2.3632982,nan,nan,0.81953734,4.6070366,nan,nan,0.81953734,0.78387904,nan,nan,0.81953734,2.0288107,nan,nan,0.81953734,-0.90385205,nan,nan,0.81953734,1.8896742,nan,nan,0.81953734,0.16645838,nan,nan,0.81953734,2.9600153,nan,nan
0.80618,3.8412743,nan,nan,0.80618,-0.9025941,nan,nan,0.80618,-2.3719893,nan,nan,0.80618,4.617195,nan,nan,0.80618,0.7695171,nan,nan,0.80618,2.1018012,nan,nan,0.80618,-0.87342227,nan,nan,0.80618,1.8620961,nan,nan,0.80618,0.17115603,nan,nan,0.80618,3.0466435,nan,nan
0.79934055,3.8480234,nan,nan,0.79934055,-0.88025725,nan,nan,0.79934055,-2.3641768,nan,nan,0.79934055,4.6221,nan,nan,0.79934055,0.76202804,nan,nan,0.79934055,2.209059,nan,nan,0.79934055,-0.8300439,nan,nan,0.79934055,1.8505214,nan,nan,0.79934055,0.17413509,nan,nan,0.79934055,3.1452832,nan,nan
0.79239166,3.8546503,nan,nan,0.79239166,-0.85712177,nan,nan,0.79239166,-2.3605745,nan,nan,0.79239166,4.6267757,nan,nan,0.79239166,0.75302505,nan,nan,0.79239166,2.2940152,nan,nan,0.79239166,-0.79139566,nan,nan,0.79239166,1.8546827,nan,nan,0.79239166,0.17686208,nan,nan,0.79239166,3.2248409,nan,nan
0.7853298,3.861248,nan,nan,0.7853298,-0.884418,nan,nan,0.7853298,-2.3874605,nan,nan,0.7853298,4.631575,nan,nan,0.7853298,0.74384195,nan,nan,0.7853298,2.1878705,nan,nan,0.7853298,-0.8334213,nan,nan,0.7853298,1.8245317,nan,nan,0.7853298,0.17653051,nan,nan,0.7853298,3.1460638,nan,nan
0.770852,3.8733392,nan,nan,0.770852,-0.92476106,nan,nan,0.770852,-2.4277399,nan,nan,0.770852,4.6400785,nan,nan,0.770852,0.72502476,nan,nan,0.770852,1.9639279,nan,nan,0.770852,-0.90088445,nan,nan,0.770852,1.7631946,nan,nan,0.770852,0.1755404,nan,nan,0.770852,2.9979534,nan,nan
0.75586724,3.885955,nan,nan,0.75586724,-0.9398337,nan,nan,0.75586724,-2.4521787,nan,nan,0.75586724,4.648017,nan,nan,0.75586724,0.7055694,nan,nan,0.75586724,1.8802927,nan,nan,0.75586724,-0.91559994,nan,nan,0.75586724,1.7281921,nan,nan,0.75586724,0.17287998,nan,nan,0.75586724,2.9629023,nan,nan
0.7403627,3.8971014,nan,nan,0.7403627,-0.94856536,nan,nan,0.7403627,-2.4692948,nan,nan,0.7403627,4.6545906,nan,nan,0.7403627,0.6854438,nan,nan,0.7403627,1.84084,nan,nan,0.7403627,-0.91936445,nan,nan,0.7403627,1.6744263,nan,nan,0.7403627,0.16901204,nan,nan,0.7403627,2.9648607,nan,nan
0.72428405,3.9061346,nan,nan,0.72428405,-0.95424336,nan,nan,0.72428405,-2.4971642,nan,nan,0.72428405,4.6595216,nan,nan,0.72428405,0.66457605,nan,nan,0.72428405,1.8377609,nan,nan,0.72428405,-0.916477,nan,nan,0.72428405,1.6165283,nan,nan,0.72428405,0.16434294,nan,nan,0.72428405,2.9869528,nan,nan
0.7160033,3.909904,nan,nan,0.7160033,-0.9525299,nan,nan,0.7160033,-2.506829,nan,nan,0.7160033,4.6613913,nan,nan,0.7160033,0.65383136,nan,nan,0.7160033,1.8646276,nan,nan,0.7160033,-0.9095238,nan,nan,0.7160033,1.5769764,nan,nan,0.7160033,0.1618533,nan,nan,0.7160033,3.011037,nan,nan
0.7075702,3.9131804,nan,nan,0.7075702,-0.9638415,nan,nan,0.7075702,-2.5221927,nan,nan,0.7075702,4.662867,nan,nan,0.7075702,0.642882,nan,nan,0.7075702,1.809807,nan,nan,0.7075702,-0.9195608,nan,nan,0.7075702,1.5082545,nan,nan,0.7075702,0.15866265,nan,nan,0.7075702,2.9937594,nan,nan
0.694614,3.9172082,nan,nan,0.694614,-0.9737941,nan,nan,0.694614,-2.5385249,nan,nan,0.694614,4.6643534,nan,nan,0.694614,0.62387747,nan,nan,0.694614,1.7684585,nan,nan,0.694614,-0.92648286,nan,nan,0.694614,1.4442607,nan,nan,0.694614,0.15370937,nan,nan,0.694614,2.9973822,nan,nan
0.6812413,3.9202027,nan,nan,0.6812413,-0.981453,nan,nan,0.6812413,-2.569464,nan,nan,0.6812413,4.664977,nan,nan,0.6812413,0.6010924,nan,nan,0.6812413,1.7514912,nan,nan,0.6812413,-0.93001515,nan,nan,0.6812413,1.370353,nan,nan,0.6812413,0.14818703,nan,nan,0.6812413,3.022292,nan,nan
0.6532125,3.9215007,nan,nan,0.6532125,-1.013574,nan,nan,0.6532125,-2.612644,nan,nan,0.6532125,4.651746,nan,nan,0.6532125,0.5533385,nan,nan,0.6532125,1.734529,nan,nan,0.6532125,-0.9470261,nan,nan,0.6532125,1.226081,nan,nan,0.6532125,0.109543085,nan,nan,0.6532125,3.084589,nan,nan
0.61278385,3.9173245,nan,nan,0.61278385,-1.0571351,nan,nan,0.61278385,-2.6899574,nan,nan,0.61278385,4.6302686,nan,nan,0.61278385,0.48446295,nan,nan,0.61278385,1.7212147,nan,nan,0.61278385,-0.97170705,nan,nan,0.61278385,1.0167735,nan,nan,0.61278385,0.054363597,nan,nan,0.61278385,3.1750722,nan,nan
0.5682017,3.9062014,nan,nan,0.5682017,-1.1007102,nan,nan,0.5682017,-2.7675366,nan,nan,0.5682017,4.6038456,nan,nan,0.5682017,0.39669612,nan,nan,0.5682017,1.7088693,nan,nan,0.5682017,-1.0002867,nan,nan,0.5682017,0.8767381,nan,nan,0.5682017,-0.0051950435,nan,nan,0.5682017,3.2382855,nan,nan
0.55022836,3.9001396,nan,nan,0.55022836,-1.1180615,nan,nan,0.55022836,-2.8066468,nan,nan,0.55022836,4.5924907,nan,nan,0.55022836,0.35940254,nan,nan,0.55022836,1.7205576,nan,nan,0.55022836,-1.010654,nan,nan,0.55022836,0.7361992,nan,nan,0.55022836,-0.029151706,nan,nan,0.55022836,3.2741919,nan,nan
0.5378191,3.8945992,nan,nan,0.5378191,-1.1256964,nan,nan,0.5378191,-2.8288472,nan,nan,0.5378191,4.5844383,nan,nan,0.5378191,0.33365905,nan,nan,0.5378191,1.744905,nan,nan,0.5378191,-1.0158516,nan,nan,0.5378191,0.69374645,nan,nan,0.5378191,-0.045394618,nan,nan,0.5378191,3.3090723,nan,nan
0.53147894,3.8898442,nan,nan,0.53147894,-1.1300253,nan,nan,0.53147894,-2.8401833,nan,nan,0.53147894,4.5802436,nan,nan,0.53147894,0.3205031,nan,nan,0.53147894,1.7525728,nan,nan,0.53147894,-1.0176293,nan,nan,0.53147894,0.675182,nan,nan,0.53147894,-0.0536471,nan,nan,0.53147894,3.310006,nan,nan
0.5250448,3.8841352,nan,nan,0.5250448,-1.1364259,nan,nan,0.5250448,-2.850814,nan,nan,0.5250448,4.5717916,nan,nan,0.5250448,0.30715722,nan,nan,0.5250448,1.7863927,nan,nan,0.5250448,-1.018262,nan,nan,0.5250448,0.65393984,nan,nan,0.5250448,-0.06797878,nan,nan,0.5250448,3.3211944,nan,nan
0.5185139,3.8780015,nan,nan,0.5185139,-1.1435974,nan,nan,0.5185139,-2.8567114,nan,nan,0.5185139,4.5628347,nan,nan,0.5185139,0.2936069,nan,nan,0.5185139,1.8119168,nan,nan,0.5185139,-1.0186949,nan,nan,0.5185139,0.6315429,nan,nan,0.5185139,-0.08296813,nan,nan,0.5185139,3.315452,nan,nan
0.5118834,3.8712633,nan,nan,0.5118834,-1.1628348,nan,nan,0.5118834,-2.8775563,nan,nan,0.5118834,4.552996,nan,nan,0.5118834,0.27984184,nan,nan,0.5118834,1.762339,nan,nan,0.5118834,-1.0385225,nan,nan,0.5118834,0.60172796,nan,nan,0.5118834,-0.09962332,nan,nan,0.5118834,3.315382,nan,nan
0.50514996,3.8639286,nan,nan,0.50514996,-1.1810448,nan,nan,0.50514996,-2.892636,nan,nan,0.50514996,4.5424848,nan,nan,0.50514996,0.26586384,nan,nan,0.50514996,1.7199936,nan,nan,0.50514996,-1.056236,nan,nan,0.50514996,0.5749054,nan,nan,0.50514996,-0.1170667,nan,nan,0.50514996,3.311332,nan,nan
0.49136168,3.8479006,nan,nan,0.49136168,-1.2092303,nan,nan,0.49136168,-2.9219668,nan,nan,0.49136168,4.520149,nan,nan,0.49136168,0.2348797,nan,nan,0.49136168,1.6995958,nan,nan,0.49136168,-1.080925,nan,nan,0.49136168,0.52812326,nan,nan,0.49136168,-0.1535798,nan,nan,0.49136168,3.322789,nan,nan
0.46239802,3.8030155,nan,nan,0.46239802,-1.2575209,nan,nan,0.46239802,-2.9840822,nan,nan,0.46239802,4.4613085,nan,nan,0.46239802,0.1668601,nan,nan,0.46239802,1.7519333,nan,nan,0.46239802,-1.1308802,nan,nan,0.46239802,0.43621328,nan,nan,0.46239802,-0.24226318,nan,nan,0.46239802,3.412349,nan,nan
0.41497332,3.7168732,nan,nan,0.41497332,-1.3591965,nan,nan,0.41497332,-3.0884593,nan,nan,0.41497332,4.3511763,nan,nan,0.41497332,0.05546538,nan,nan,0.41497332,1.7553561,nan,nan,0.41497332,-1.228318,nan,nan,0.41497332,0.28018218,nan,nan,0.41497332,-0.40624332,nan,nan,0.41497332,3.4498222,nan,nan
0.3856063,3.6484747,nan,nan,0.3856063,-1.4219614,nan,nan,0.3856063,-3.155873,nan,nan,0.3856063,4.266514,nan,nan,0.3856063,-0.0146834785,nan,nan,0.3856063,1.7739035,nan,nan,0.3856063,-1.298167,nan,nan,0.3856063,0.17898168,nan,nan,0.3856063,-0.526453,nan,nan,0.3856063,3.4827304,nan,nan
0.3424227,3.533217,nan,nan,0.3424227,-1.4921724,nan,nan,0.3424227,-3.2554495,nan,nan,0.3424227,4.125737,nan,nan,0.3424227,-0.11958507,nan,nan,0.3424227,1.8322291,nan,nan,0.3424227,-1.4006866,nan,nan,0.3424227,0.020270862,nan,nan,0.3424227,-0.7239608,nan,nan,0.3424227,3.5636954,nan,nan
0.30297995,3.4026682,nan,nan,0.30297995,-1.5288547,nan,nan,0.30297995,-3.3466105,nan,nan,0.30297995,3.9684033,nan,nan,0.30297995,-0.21530342,nan,nan,0.30297995,1.9013871,nan,nan,0.30297995,-1.496737,nan,nan,0.30297995,-0.14747539,nan,nan,0.30297995,-0.9344838,nan,nan,0.30297995,3.6434662,nan,nan
0.26150078,3.2463515,nan,nan,0.26150078,-1.5853417,nan,nan,0.26150078,-3.4377532,nan,nan,0.26150078,3.7814348,nan,nan,0.26150078,-0.3007782,nan,nan,0.26150078,1.9122251,nan,nan,0.26150078,-1.6085801,nan,nan,0.26150078,-0.33706385,nan,nan,0.26150078,-1.1847377,nan,nan,0.26150078,3.6659367,nan,nan
0.21748394,3.0449967,nan,nan,0.21748394,-1.5868373,nan,nan,0.21748394,-3.5255594,nan,nan,0.21748394,3.5434246,nan,nan,0.21748394,-0.39004323,nan,nan,0.21748394,1.9671263,nan,nan,0.21748394,-1.6997461,nan,nan,0.21748394,-0.56034005,nan,nan,0.21748394,-1.4808793,nan,nan,0.21748394,3.7284431,nan,nan
0.17868923,2.8450196,nan,nan,0.17868923,-1.6289585,nan,nan,0.17868923,-3.5979662,nan,nan,0.17868923,3.3054225,nan,nan,0.17868923,-0.45108622,nan,nan,0.17868923,1.9521593,nan,nan,0.17868923,-1.7943853,nan,nan,0.17868923,-0.75926536,nan,nan,0.17868923,-1.7783805,nan,nan,0.17868923,3.713583,nan,nan
0.1373541,2.594929,nan,nan,0.1373541,-1.6528987,nan,nan,0.1373541,-3.6580822,nan,nan,0.1373541,3.012241,nan,nan,0.1373541,-0.5005367,nan,nan,0.1373541,1.9485129,nan,nan,0.1373541,-1.8694317,nan,nan,0.1373541,-0.95336825,nan,nan,0.1373541,-2.0913708,nan,nan,0.1373541,3.7052727,nan,nan
0.096910015,2.3147593,nan,nan,0.096910015,-1.6822494,nan,nan,0.096910015,-3.7134857,nan,nan,0.096910015,2.6767917,nan,nan,0.096910015,-0.54836404,nan,nan,0.096910015,1.9339451,nan,nan,0.096910015,-1.9315201,nan,nan,0.096910015,-1.1194648,nan,nan,0.096910015,-2.4100578,nan,nan,0.096910015,3.6858728,nan,nan
0.05461303,1.9627397,nan,nan,0.05461303,-1.687634,nan,nan,0.05461303,-3.7547195,nan,nan,0.05461303,2.251907,nan,nan,0.05461303,-0.5907095,nan,nan,0.05461303,1.9398693,nan,nan,0.05461303,-1.9621884,nan,nan,0.05461303,-1.2446467,nan,nan,0.05461303,-2.6626313,nan,nan,0.05461303,3.6841786,nan,nan
0.013258673,1.6165451,nan,nan,0.013258673,-1.6839938,nan,nan,0.013258673,-3.7867172,nan,nan,0.013258673,1.853856,nan,nan,0.013258673,-0.6320751,nan,nan,0.013258673,1.9527196,nan,nan,0.013258673,-1.9716706,nan,nan,0.013258673,-1.3182172,nan,nan,0.013258673,-2.7686632,nan,nan,0.013258673,3.6880965,nan,nan
-0.02826042,1.2050256,nan,nan,-0.02826042,-1.6990786,nan,nan,-0.02826042,-3.8158474,nan,nan,-0.02826042,1.3591307,nan,nan,-0.02826042,-0.66461134,nan,nan,-0.02826042,1.9481944,nan,nan,-0.02826042,-1.9913992,nan,nan,-0.02826042,-1.3670424,nan,nan,-0.02826042,-2.8420324,nan,nan,-0.02826042,3.6723104,nan,nan
-0.045762304,0.9880484,nan,nan,-0.045762304,-1.7144811,nan,nan,-0.045762304,-3.8288088,nan,nan,-0.045762304,1.0888973,nan,nan,-0.045762304,-0.67655164,nan,nan,-0.045762304,1.9325832,nan,nan,-0.045762304,-2.0168,nan,nan,-0.045762304,-1.3824925,nan,nan,-0.045762304,-2.8766658,nan,nan,-0.045762304,3.6621828,nan,nan
-0.06956041,0.75841916,nan,nan,-0.06956041,-1.7296159,nan,nan,-0.06956041,-3.844635,nan,nan,-0.06956041,0.80723923,nan,nan,-0.06956041,-0.6927906,nan,nan,-0.06956041,1.9224898,nan,nan,-0.06956041,-2.0354156,nan,nan,-0.06956041,-1.4004791,nan,nan,-0.06956041,-2.9050002,nan,nan,-0.06956041,3.6467636,nan,nan
-0.11125904,0.290394,nan,nan,-0.11125904,-1.7517855,nan,nan,-0.11125904,-3.8700325,nan,nan,-0.11125904,0.1578322,nan,nan,-0.11125904,-0.7202711,nan,nan,-0.11125904,1.9106605,nan,nan,-0.11125904,-2.0609868,nan,nan,-0.11125904,-1.4293499,nan,nan,-0.11125904,-2.945636,nan,nan,-0.11125904,3.6230135,nan,nan
-0.15490197,-0.11172186,nan,nan,-0.15490197,-1.7889968,nan,nan,-0.15490197,-3.8992224,nan,nan,-0.15490197,-0.68204826,nan,nan,-0.15490197,-0.74639577,nan,nan,-0.15490197,1.8863313,nan,nan,-0.15490197,-2.0976994,nan,nan,-0.15490197,-1.4556773,nan,nan,-0.15490197,-2.9940953,nan,nan,-0.15490197,3.5825787,nan,nan
-0.19382003,-0.31424665,nan,nan,-0.19382003,-1.8322809,nan,nan,-0.19382003,-3.928333,nan,nan,-0.19382003,-1.3237858,nan,nan,-0.19382003,-0.7697365,nan,nan,-0.19382003,1.8559941,nan,nan,-0.19382003,-2.1389506,nan,nan,-0.19382003,-1.4788955,nan,nan,-0.19382003,-3.0440247,nan,nan,-0.19382003,3.5361042,nan,nan
-0.23507701,-0.42242005,nan,nan,-0.23507701,-1.8780438,nan,nan,-0.23507701,-3.9564521,nan,nan,-0.23507701,-1.9811293,nan,nan,-0.23507701,-0.791217,nan,nan,-0.23507701,1.8244717,nan,nan,-0.23507701,-2.1840937,nan,nan,-0.23507701,-1.5002383,nan,nan,-0.23507701,-3.0968919,nan,nan,-0.23507701,3.4878845,nan,nan
-0.2596373,-0.48973802,nan,nan,-0.2596373,-1.9216664,nan,nan,-0.2596373,-3.9779873,nan,nan,-0.2596373,-2.7558994,nan,nan,-0.2596373,-0.80373234,nan,nan,-0.2596373,1.7927934,nan,nan,-0.2596373,-2.221542,nan,nan,-0.2596373,-1.5126234,nan,nan,-0.2596373,-3.1373487,nan,nan,-0.2596373,3.4384608,nan,nan
-0.2765361,-0.52217174,nan,nan,-0.2765361,-1.9466947,nan,nan,-0.2765361,-3.9911063,nan,nan,-0.2765361,-2.9141898,nan,nan,-0.2765361,-0.81231695,nan,nan,-0.2765361,1.7762417,nan,nan,-0.2765361,-2.2423384,nan,nan,-0.2765361,-1.5211362,nan,nan,-0.2765361,-3.1610334,nan,nan,-0.2765361,3.409948,nan,nan
-0.31784588,-0.59876186,nan,nan,-0.31784588,-2.0059373,nan,nan,-0.31784588,-4.022469,nan,nan,-0.31784588,-3.298127,nan,nan,-0.31784588,-0.83342713,nan,nan,-0.31784588,1.7397397,nan,nan,-0.31784588,-2.2872832,nan,nan,-0.31784588,-1.5420866,nan,nan,-0.31784588,-3.213762,nan,nan,-0.31784588,3.339431,nan,nan
-0.35654733,-0.6970392,nan,nan,-0.35654733,-2.0881855,nan,nan,-0.35654733,-4.0591006,nan,nan,-0.35654733,-3.4069707,nan,nan,-0.35654733,-0.85346806,nan,nan,-0.35654733,1.6884917,nan,nan,-0.35654733,-2.3367136,nan,nan,-0.35654733,-1.5619261,nan,nan,-0.35654733,-3.2683613,nan,nan,-0.35654733,3.222318,nan,nan
-0.40120947,-0.9707795,nan,nan,-0.40120947,-2.35352,nan,nan,-0.40120947,-4.1294,nan,nan,-0.40120947,-3.4505603,nan,nan,-0.40120947,-0.8767664,nan,nan,-0.40120947,1.4528221,nan,nan,-0.40120947,-2.5607953,nan,nan,-0.40120947,-1.5849011,nan,nan,-0.40120947,-3.444235,nan,nan,-0.40120947,2.9283915,nan,nan
-0.43770713,-1.0666467,nan,nan,-0.43770713,-2.4488614,nan,nan,-0.43770713,-4.157799,nan,nan,-0.43770713,-3.47317,nan,nan,-0.43770713,-0.8956498,nan,nan,-0.43770713,1.3523397,nan,nan,-0.43770713,-2.6769001,nan,nan,-0.43770713,-1.6037313,nan,nan,-0.43770713,-3.5263162,nan,nan,-0.43770713,2.8622477,nan,nan
-0.48412615,-1.190699,nan,nan,-0.48412615,-2.5603392,nan,nan,-0.48412615,-4.1929016,nan,nan,-0.48412615,-3.50178,nan,nan,-0.48412615,-0.9196953,nan,nan,-0.48412615,1.2777076,nan,nan,-0.48412615,-2.7440948,nan,nan,-0.48412615,-1.6276902,nan,nan,-0.48412615,-3.584135,nan,nan,-0.48412615,2.7128532,nan,nan
-0.5243288,-1.3113761,nan,nan,-0.5243288,-2.670707,nan,nan,-0.5243288,-4.223008,nan,nan,-0.5243288,-3.5261753,nan,nan,-0.5243288,-0.9400349,nan,nan,-0.5243288,1.2099291,nan,nan,-0.5243288,-2.796233,nan,nan,-0.5243288,-1.6479601,nan,nan,-0.5243288,-3.6293187,nan,nan,-0.5243288,2.5384846,nan,nan
-0.5670307,-1.4424195,nan,nan,-0.5670307,-2.7918434,nan,nan,-0.5670307,-4.252845,nan,nan,-0.5670307,-3.5509071,nan,nan,-0.5670307,-0.9612801,nan,nan,-0.5670307,1.1375681,nan,nan,-0.5670307,-2.85654,nan,nan,-0.5670307,-1.6691482,nan,nan,-0.5670307,-3.6781824,nan,nan,-0.5670307,2.334322,nan,nan
-0.6073031,-1.5555255,nan,nan,-0.6073031,-2.8982372,nan,nan,-0.6073031,-4.2787466,nan,nan,-0.6073031,-3.5733273,nan,nan,-0.6073031,-0.9814474,nan,nan,-0.6073031,1.072317,nan,nan,-0.6073031,-2.920363,nan,nan,-0.6073031,-1.6892791,nan,nan,-0.6073031,-3.7253401,nan,nan,-0.6073031,2.146785,nan,nan
-0.64975196,-1.6647164,nan,nan,-0.64975196,-2.9934597,nan,nan,-0.64975196,-4.3036656,nan,nan,-0.64975196,-3.5961788,nan,nan,-0.64975196,-1.0034283,nan,nan,-0.64975196,1.0148485,nan,nan,-0.64975196,-3.0246556,nan,nan,-0.64975196,-1.7112352,nan,nan,-0.64975196,-3.7906106,nan,nan,-0.64975196,2.0334644,nan,nan
-0.66254073,-1.7148498,nan,nan,-0.66254073,-3.0435302,nan,nan,-0.66254073,-4.3122363,nan,nan,-0.66254073,-3.60353,nan,nan,-0.66254073,-1.0100558,nan,nan,-0.66254073,0.9818307,nan,nan,-0.66254073,-3.0666456,nan,nan,-0.66254073,-1.7178533,nan,nan,-0.66254073,-3.8131518,nan,nan,-0.66254073,1.9479548,nan,nan
-0.69036984,-1.7344398,nan,nan,-0.69036984,-3.061039,nan,nan,-0.69036984,-4.3268905,nan,nan,-0.69036984,-3.618042,nan,nan,-0.69036984,-1.0244529,nan,nan,-0.69036984,0.9746645,nan,nan,-0.69036984,-3.0714412,nan,nan,-0.69036984,-1.7322451,nan,nan,-0.69036984,-3.8243887,nan,nan,-0.69036984,1.8874912,nan,nan
-0.73282826,-1.736177,nan,nan,-0.73282826,-3.0631552,nan,nan,-0.73282826,-4.3484893,nan,nan,-0.73282826,-3.6397738,nan,nan,-0.73282826,-1.045908,nan,nan,-0.73282826,0.98726255,nan,nan,-0.73282826,-3.0182474,nan,nan,-0.73282826,-1.7536993,nan,nan,-0.73282826,-3.8140192,nan,nan,-0.73282826,1.7397997,nan,nan
-0.7721133,-1.7410337,nan,nan,-0.7721133,-3.0615363,nan,nan,-0.7721133,-4.367738,nan,nan,-0.7721133,-3.6593888,nan,nan,-0.7721133,-1.0656216,nan,nan,-0.7721133,1.0086391,nan,nan,-0.7721133,-2.9795988,nan,nan,-0.7721133,-1.7734115,nan,nan,-0.7721133,-3.8080816,nan,nan,-0.7721133,1.6000404,nan,nan
-0.8153086,-1.8168874,nan,nan,-0.8153086,-3.1395988,nan,nan,-0.8153086,-4.391718,nan,nan,-0.8153086,-3.6818087,nan,nan,-0.8153086,-1.0870619,nan,nan,-0.8153086,0.9552308,nan,nan,-0.8153086,-3.035174,nan,nan,-0.8153086,-1.7948438,nan,nan,-0.8153086,-3.8475423,nan,nan,-0.8153086,1.2546514,nan,nan
-0.8569852,-1.8592106,nan,nan,-0.8569852,-3.1769624,nan,nan,-0.8569852,-4.412603,nan,nan,-0.8569852,-3.7022648,nan,nan,-0.8569852,-1.107309,nan,nan,-0.8569852,0.94037354,nan,nan,-0.8569852,-3.058346,nan,nan,-0.8569852,-1.8150845,nan,nan,-0.8569852,-3.8716214,nan,nan,-0.8569852,0.92295873,nan,nan
-0.89619625,-1.9488596,nan,nan,-0.89619625,-3.2765486,nan,nan,-0.89619625,-4.434622,nan,nan,-0.89619625,-3.7224712,nan,nan,-0.89619625,-1.126357,nan,nan,-0.89619625,0.8716787,nan,nan,-0.89619625,-3.1279094,nan,nan,-0.89619625,-1.8341281,nan,nan,-0.89619625,-3.9153116,nan,nan,-0.89619625,0.37723958,nan,nan
-0.93930215,-1.997539,nan,nan,-0.93930215,-3.3282773,nan,nan,-0.93930215,-4.456669,nan,nan,-0.93930215,-3.7440455,nan,nan,-0.93930215,-1.1477554,nan,nan,-0.93930215,0.8263314,nan,nan,-0.93930215,-3.1939504,nan,nan,-0.93930215,-1.8555235,nan,nan,-0.93930215,-3.9556,nan,nan,-0.93930215,0.35093623,nan,nan
-0.9788107,-2.069548,nan,nan,-0.9788107,-3.4132588,nan,nan,-0.9788107,-4.4779277,nan,nan,-0.9788107,-3.7642572,nan,nan,-0.9788107,-1.1674097,nan,nan,-0.9788107,0.7549624,nan,nan,-0.9788107,-3.287094,nan,nan,-0.9788107,-1.8751749,nan,nan,-0.9788107,-4.0033827,nan,nan,-0.9788107,0.30831107,nan,nan
-1.0218195,-2.2845688,nan,nan,-1.0218195,-3.746313,nan,nan,-1.0218195,-4.545105,nan,nan,-1.0218195,-3.8281047,nan,nan,-1.0218195,-1.2289485,nan,nan,-1.0218195,0.3806645,nan,nan,-1.0218195,-3.634882,nan,nan,-1.0218195,-1.9367126,nan,nan,-1.0218195,-4.139756,nan,nan,-1.0218195,0.10966935,nan,nan
-1.0400099,-2.4746974,nan,nan,-1.0400099,-4.242289,nan,nan,-1.0400099,-4.592246,nan,nan,-1.0400099,-3.8726146,nan,nan,-1.0400099,-1.271465,nan,nan,-1.0400099,-0.605465,nan,nan,-1.0400099,-4.1518707,nan,nan,-1.0400099,-1.9792297,nan,nan,-1.0400099,-4.24178,nan,nan,-1.0400099,-0.4319488,nan,nan
-1.0629789,-2.5302346,nan,nan,-1.0629789,-4.304269,nan,nan,-1.0629789,-4.6459746,nan,nan,-1.0629789,-3.926317,nan,nan,-1.0629789,-1.3251482,nan,nan,-1.0629789,-0.6950901,nan,nan,-1.0629789,-4.2151523,nan,nan,-1.0629789,-2.032913,nan,nan,-1.0629789,-4.2961707,nan,nan,-1.0629789,-0.47586292,nan,nan
-1.1045774,-2.629642,nan,nan,-1.1045774,-4.410486,nan,nan,-1.1045774,-4.743249,nan,nan,-1.1045774,-4.0235653,nan,nan,-1.1045774,-1.4223818,nan,nan,-1.1045774,-0.8299336,nan,nan,-1.1045774,-4.324215,nan,nan,-1.1045774,-2.1301465,nan,nan,-1.1045774,-4.3942695,nan,nan,-1.1045774,-0.5374259,nan,nan
-1.1456878,-2.7264066,nan,nan,-1.1456878,-4.509373,nan,nan,-1.1456878,-4.8394213,nan,nan,-1.1456878,-4.11973,nan,nan,-1.1456878,-1.5185435,nan,nan,-1.1456878,-0.9414431,nan,nan,-1.1456878,-4.4248934,nan,nan,-1.1456878,-2.226308,nan,nan,-1.1456878,-4.490749,nan,nan,-1.1456878,-0.5602726,nan,nan
-1.1870934,-2.820019,nan,nan,-1.1870934,-4.5933247,nan,nan,-1.1870934,-4.936205,nan,nan,-1.1870934,-4.2165546,nan,nan,-1.1870934,-1.6153952,nan,nan,-1.1870934,-0.9948997,nan,nan,-1.1870934,-4.5097823,nan,nan,-1.1870934,-2.32316,nan,nan,-1.1870934,-4.5867233,nan,nan,-1.1870934,-0.49601707,nan,nan
-1.2284125,-2.9107447,nan,nan,-1.2284125,-4.6714516,nan,nan,-1.2284125,-5.0317497,nan,nan,-1.2284125,-4.3121557,nan,nan,-1.2284125,-1.7110296,nan,nan,-1.2284125,-1.0423795,nan,nan,-1.2284125,-4.5885987,nan,nan,-1.2284125,-2.4187946,nan,nan,-1.2284125,-4.6810293,nan,nan,-1.2284125,-0.43095607,nan,nan
-1.2700338,-3.0033672,nan,nan,-1.2700338,-4.7584667,nan,nan,-1.2700338,-5.127575,nan,nan,-1.2700338,-4.4080105,nan,nan,-1.2700338,-1.8068988,nan,nan,-1.2700338,-1.1310523,nan,nan,-1.2700338,-4.6785035,nan,nan,-1.2700338,-2.5146642,nan,nan,-1.2700338,-4.7763247,nan,nan,-1.2700338,-0.4042119,nan,nan
-1.3115802,-3.1088653,nan,nan,-1.3115802,-4.8988523,nan,nan,-1.3115802,-5.224567,nan,nan,-1.3115802,-4.5048738,nan,nan,-1.3115802,-1.9036758,nan,nan,-1.3115802,-1.4794432,nan,nan,-1.3115802,-4.8344936,nan,nan,-1.3115802,-2.6114414,nan,nan,-1.3115802,-4.8773413,nan,nan,-1.3115802,-0.43099788,nan,nan
-1.352617,-3.203543,nan,nan,-1.352617,-4.987533,nan,nan,-1.352617,-5.322849,nan,nan,-1.352617,-4.6031947,nan,nan,-1.352617,-2.002026,nan,nan,-1.352617,-1.5669413,nan,nan,-1.352617,-4.931905,nan,nan,-1.352617,-2.709792,nan,nan,-1.352617,-4.975555,nan,nan,-1.352617,-0.40823781,nan,nan
-1.3946949,-3.300033,nan,nan,-1.3946949,-5.0771956,nan,nan,-1.3946949,-5.423612,nan,nan,-1.3946949,-4.7040043,nan,nan,-1.3946949,-2.1028712,nan,nan,-1.3946949,-1.6534685,nan,nan,-1.3946949,-5.0315394,nan,nan,-1.3946949,-2.8106375,nan,nan,-1.3946949,-5.076234,nan,nan,-1.3946949,-0.39928648,nan,nan
-1.435334,-3.3907826,nan,nan,-1.435334,-5.1625824,nan,nan,-1.435334,-5.5175076,nan,nan,-1.435334,-4.7979383,nan,nan,-1.435334,-2.1968389,nan,nan,-1.435334,-1.735715,nan,nan,-1.435334,-5.1252522,nan,nan,-1.435334,-2.9046054,nan,nan,-1.435334,-5.170136,nan,nan,-1.435334,-0.41174677,nan,nan
-1.4775558,-3.4828863,nan,nan,-1.4775558,-5.24762,nan,nan,-1.4775558,-5.6145034,nan,nan,-1.4775558,-4.894988,nan,nan,-1.4775558,-2.2939312,nan,nan,-1.4775558,-1.8179936,nan,nan,-1.4775558,-5.2213206,nan,nan,-1.4775558,-3.0016983,nan,nan,-1.4775558,-5.267064,nan,nan,-1.4775558,-0.42252454,nan,nan
-1.5185573,-3.5744753,nan,nan,-1.5185573,-5.338238,nan,nan,-1.5185573,-5.709438,nan,nan,-1.5185573,-4.989954,nan,nan,-1.5185573,-2.3889267,nan,nan,-1.5185573,-1.9311377,nan,nan,-1.5185573,-5.3216133,nan,nan,-1.5185573,-3.0966942,nan,nan,-1.5185573,-5.362344,nan,nan,-1.5185573,-0.45076063,nan,nan
